term,translation
Haus,house
Auto,car
Wasser,water
Brot,bread
Tisch,table
Stuhl,chair
Buch,book
Tür,door
Fenster,window
Baum,tree
Hund,dog
Katze,cat
Sonne,sun
Mond,moon
Stern,star
Mutter,mother
Vater,father
Kind,child
Freund,friend
Schule,school
Lehrer,teacher
Straße,street
Stadt,city
Land,country
Jahr,year
Tag,day
Nacht,night
Woche,week
Monat,month
Zeit,time
Geld,money
Arbeit,work
Essen,food
Milch,milk
Apfel,apple
Ei,egg
Fisch,fish
Fleisch,meat
Gemüse,vegetable
Obst,fruit
Kaffee,coffee
Tee,tea
Zucker,sugar
Salz,salt
Bett,bed
Küche,kitchen
Zimmer,room
Garten,garden
Blume,flower
Farbe,color
